{
    "cowboyhat.jpg": {
        "height": 368,
        "width": 569,
        "2": {
            "elapsed_lowpass": 9.797143936157227,
            "elapsed_highpass": 10.424846410751343
        },
        "4": {
            "elapsed_lowpass": 14.390746593475342,
            "elapsed_highpass": 14.376689910888672
        },
        "5": {
            "elapsed_lowpass": 16.84208393096924,
            "elapsed_highpass": 16.902072429656982
        },
        "7": {
            "elapsed_lowpass": 21.65727686882019,
            "elapsed_highpass": 21.761889457702637
        },
        "10": {
            "elapsed_lowpass": 29.52527165412903,
            "elapsed_highpass": 29.705114603042603
        },
        "15": {
            "elapsed_lowpass": 43.59519577026367,
            "elapsed_highpass": 43.562331199645996
        },
        "20": {
            "elapsed_lowpass": 58.69470691680908,
            "elapsed_highpass": 58.453099966049194
        },
        "25": {
            "elapsed_lowpass": 73.84947228431702,
            "elapsed_highpass": 73.9972677230835
        },
        "30": {
            "elapsed_lowpass": 90.11183619499207,
            "elapsed_highpass": 96.94441246986389
        }
    },
    "lambo.jpg": {
        "height": 578,
        "width": 872,
        "2": {
            "elapsed_lowpass": 22.669713973999023,
            "elapsed_highpass": 23.62184715270996
        },
        "4": {
            "elapsed_lowpass": 36.25601816177368,
            "elapsed_highpass": 36.23782658576965
        },
        "5": {
            "elapsed_lowpass": 41.65082406997681,
            "elapsed_highpass": 41.19259572029114
        },
        "7": {
            "elapsed_lowpass": 55.02137088775635,
            "elapsed_highpass": 57.275519371032715
        },
        "10": {
            "elapsed_lowpass": 74.9698212146759,
            "elapsed_highpass": 73.77410197257996
        },
        "15": {
            "elapsed_lowpass": 111.63345456123352,
            "elapsed_highpass": 111.6278932094574
        },
        "20": {
            "elapsed_lowpass": 154.70758366584778,
            "elapsed_highpass": 152.4540355205536
        },
        "25": {
            "elapsed_lowpass": 202.51007270812988,
            "elapsed_highpass": 195.97028017044067
        },
        "30": {
            "elapsed_lowpass": 232.54516696929932,
            "elapsed_highpass": 242.37530088424683
        }
    },
    "mexican_house.jpg": {
        "height": 829,
        "width": 1400,
        "2": {
            "elapsed_lowpass": 60.33317565917969,
            "elapsed_highpass": 58.463995695114136
        },
        "4": {
            "elapsed_lowpass": 92.38736820220947,
            "elapsed_highpass": 87.48999428749084
        },
        "5": {
            "elapsed_lowpass": 95.04945826530457,
            "elapsed_highpass": 95.61820602416992
        },
        "7": {
            "elapsed_lowpass": 153.06997179985046,
            "elapsed_highpass": 154.38675332069397
        },
        "10": {
            "elapsed_lowpass": 204.76462745666504,
            "elapsed_highpass": 172.15910029411316
        },
        "15": {
            "elapsed_lowpass": 242.57761406898499,
            "elapsed_highpass": 239.48131322860718
        },
        "20": {
            "elapsed_lowpass": 318.84785556793213,
            "elapsed_highpass": 318.2392463684082
        },
        "25": {
            "elapsed_lowpass": 403.14158177375793,
            "elapsed_highpass": 403.4084315299988
        },
        "30": {
            "elapsed_lowpass": 488.30967807769775,
            "elapsed_highpass": 487.505380153656
        }
    },
    "palm.jpg": {
        "height": 1920,
        "width": 1080,
        "2": {
            "elapsed_lowpass": 88.20575284957886,
            "elapsed_highpass": 87.42792010307312
        },
        "4": {
            "elapsed_lowpass": 140.72816801071167,
            "elapsed_highpass": 140.64035940170288
        },
        "5": {
            "elapsed_lowpass": 163.71340489387512,
            "elapsed_highpass": 163.61468696594238
        },
        "7": {
            "elapsed_lowpass": 215.98810744285583,
            "elapsed_highpass": 215.52492094039917
        },
        "10": {
            "elapsed_lowpass": 292.39898467063904,
            "elapsed_highpass": 294.14120411872864
        },
        "15": {
            "elapsed_lowpass": 430.6447353363037,
            "elapsed_highpass": 430.74269556999207
        },
        "20": {
            "elapsed_lowpass": 568.7275288105011,
            "elapsed_highpass": 575.6238729953766
        },
        "25": {
            "elapsed_lowpass": 725.5920805931091,
            "elapsed_highpass": 830.4352266788483
        },
        "30": {
            "elapsed_lowpass": 954.8900036811829,
            "elapsed_highpass": 877.9296643733978
        }
    },
    "sasuke.png": {
        "height": 1155,
        "width": 692,
        "2": {
            "elapsed_lowpass": 33.937061071395874,
            "elapsed_highpass": 33.8582706451416
        },
        "4": {
            "elapsed_lowpass": 54.09281802177429,
            "elapsed_highpass": 54.164387226104736
        },
        "5": {
            "elapsed_lowpass": 63.911176681518555,
            "elapsed_highpass": 63.89437294006348
        },
        "7": {
            "elapsed_lowpass": 83.62377166748047,
            "elapsed_highpass": 83.47143483161926
        },
        "10": {
            "elapsed_lowpass": 112.38545608520508,
            "elapsed_highpass": 113.12303853034973
        },
        "15": {
            "elapsed_lowpass": 165.19901251792908,
            "elapsed_highpass": 165.42621755599976
        },
        "20": {
            "elapsed_lowpass": 220.03282284736633,
            "elapsed_highpass": 220.25284123420715
        },
        "25": {
            "elapsed_lowpass": 277.4301347732544,
            "elapsed_highpass": 277.3667333126068
        },
        "30": {
            "elapsed_lowpass": 337.5654957294464,
            "elapsed_highpass": 337.4352910518646
        }
    },
    "viveka.jpg": {
        "height": 272,
        "width": 186,
        "2": {
            "elapsed_lowpass": 2.1412606239318848,
            "elapsed_highpass": 2.145615339279175
        },
        "4": {
            "elapsed_lowpass": 3.424708604812622,
            "elapsed_highpass": 3.426651954650879
        },
        "5": {
            "elapsed_lowpass": 4.030125141143799,
            "elapsed_highpass": 4.055616140365601
        },
        "7": {
            "elapsed_lowpass": 5.3149402141571045,
            "elapsed_highpass": 5.268054962158203
        },
        "10": {
            "elapsed_lowpass": 7.212125778198242,
            "elapsed_highpass": 7.162642955780029
        },
        "15": {
            "elapsed_lowpass": 10.485599040985107,
            "elapsed_highpass": 10.44674038887024
        },
        "20": {
            "elapsed_lowpass": 14.023985147476196,
            "elapsed_highpass": 13.951615571975708
        },
        "25": {
            "elapsed_lowpass": 17.5780131816864,
            "elapsed_highpass": 17.6202175617218
        },
        "30": {
            "elapsed_lowpass": 21.279874563217163,
            "elapsed_highpass": 21.386322498321533
        }
    },
    "ferrari.jpg": {
        "height": 774,
        "width": 1160,
        "2": {
            "elapsed_lowpass": 38.051435470581055,
            "elapsed_highpass": 38.23834228515625
        },
        "4": {
            "elapsed_lowpass": 61.162678718566895,
            "elapsed_highpass": 60.8662486076355
        },
        "5": {
            "elapsed_lowpass": 71.691237449646,
            "elapsed_highpass": 71.95005965232849
        },
        "7": {
            "elapsed_lowpass": 94.50702619552612,
            "elapsed_highpass": 94.31368112564087
        },
        "10": {
            "elapsed_lowpass": 127.20067477226257,